Code,Description,
000,General Procedure,0
100,Full Duty Exemption - Diplomatic Agencies,
101,1% ID only - Diplomatic Agencies,
102,1% ID & Other Duty - Diplomatic Agencies,
103,Full Duty Exemption for Personal - Diplomatic Agencies,
104,Full Duty Exemption - UN Agencies,
105,1% ID only - UN Agencies,
106,1% ID & Other Duty - UN Agencies,
107,Full Duty Exemption for Personal - UN Agencies,
108,Full Duty Exemption - Foreign Aid Project,
109,1% ID only - Foreign Aid Project,
110,1% ID & Other Duty - Foreign Aid Project,
111,Full Duty Exemption for Personal - Foreign Aid Project,
121,Duty Charge for Buyer rejected goods,
122,Duty Charge for Personal Effect (Non Dutiable),
123,Duty Rebate for Retire Army,
124,Defective Machinery Parts etc,
125,Goods for Fair and Exhibitions,
126,Duty Charged for Contractor's Equipment,
127,Duty Collection From Lilam,
128,Duty Collection From Beruju (Ma.Le.Pa.),
129,Duty Collection From Beruju (Aa.Le.Pa),
130,Duty Collection From P.C.A.,
131,Duty Collection From Patake Import CSF + VAT,
132,Duty Collection From Other Provision,
135,Export Duty Collection - Sadarshya,
136,"ID, AID Charged from Not Exported Goods",
150,Full Duty Exemption for Disaster Items,
151,Full Duty Exemption for Transit Import or Export,
152,Temporary Import of Tractor without Trailer,
153,Temporary Import of Tractor with Trailer or Trailer Only,
154,Temporary Import Under Carnet,
155,Temporary Import of Bus & Mini-Bus,
156,"Temporary Import of Car, Jeep & Van",
157,Temporary Import of Motorbike & Scooter,
158,Temporary Import of Three Wheeler,
159,Temporary Import of Goods Vehicle VZ & East,
160,Temporary Import of Bike & Vehicle More Than 30 Days,
161,Temporary Import of Crane,
162,Temporary Imported Duty Exemption for Vehicles in Accident,
163,60% ID Rebate for vehicles and Machinery under duty rebate,
180,Dafa 18 Government Decision - I0E0V0,
181,Dafa 18 Government Decision - I1E0V0,
182,Dafa 18 Government Decision - I0EV0,
183,Dafa 18 Government Decision - I1EV,
184,Dafa 18 Government Decision - I1EV0,
185,Dafa 18 Government Decision - I1E0V,
186,Dafa 18 Government Decision - I5EV,
187,Dafa 18 Government Decision - I5E0V0,
188,Dafa 18 Government Decision - I5EV0,
189,Dafa 18 Government Decision - I5E0V,
201,0% ID on Selected Items from List,
202,0% ID on Pet Chips Industries,
203,0% ID on Fertilizer,
204,"0% ID on Sindur, Chura & Tika-Tikuli",
205,0% ID on Raw Jute,
206,"0% ID on Stamps, Postcard, Passport etc by Govn.",
207,"0% ID on Books, Children Books & Nepali Patro",
208,15% ID on Nepalese Publication Books Import,
209,0% ID on Raw Petroleum & Bitumin from India,
210,"0% ID on Raw Minerals of Chapter 25, 26 & 44",
211,0% ID on POY & Man Made Fibres CHA 54 & 55,
212,0% ID on Solar & Battery Operated Vehicle Industry,
213,0% ID on Specific Goods for Nepal Red Cross Society,
214,0% ID on Blind's Instruments,
215,0% ID on Instruments for Disabled Persons,
216,1% ID on Generator >= 10KW,
217,1% ID on Aircrafts & Parts,
218,1% ID on Feed Supplement for Feed Industry,
219,1% ID on Bottles <=0.33Ltr for Ink & Stationery Industry,
220,"1% ID on Rapeseed, Copra Etc",
221,1% ID on Pharmaceuticals Research Equip Heading 9027,
222,1% ID for Precious Stone Heading 7101-7105,
223,1% ID on Raw Materials for Tyre Industries,
224,1% ID on Convert to SAFA Tempo,
225,1% ID on Catalytic Converter & Magnetizer,
226,"1% ID on Thresher, Agri. Basic Goods",
227,1% ID on Pumping set & Hosepipe,
228,1% ID on Vacuum Ironing Table & Steam Iron for Garment Industries,
229,1% ID on Special Items of Agro-vet Industries,
230,1% ID on Machinery for Agricultural Products as Tools,
231,1% ID on Equipment for TEA Industry,
232,1% ID on Equipment of Fish farm,
233,1% ID on Various Equipments for Horticulture & Floriculture,
234,1% ID on Pollution Control Equipment for Industries,
235,ID Rebate on Generator Parts for Generator Industry,
236,1% ID on Import of Pashmina Thread Chapter 51,
237,1% ID on Sailboat,
238,1% ID on Sewing Machine,
239,1% ID & VAT Rebate for Bee farming Equipment,
240,1% ID for Raw Amber of CHA 25,
241,90% ID Rebate on Manmade Staple Fibre for Carpet Industries,
242,5% ID on Medicine in Chapter 30 & Testing Kit,
243,4% ID on New Machine of Chapter 84,
244,Partial Bank Guarantee for not Identified Machine,
245,5% ID on Raw Oats import by cereals manufacture Udg.,
246,80% ID Rebate on Milk Carry Tanker For Dairy Industries,
247,80% ID Rebate on Cotton Yarn of 5205 & 5207,
248,10% ID on PVC Film & BOPP Film ETC for Polycoating Industries,
249,5% ID on LP Gas for Gas Industry,
250,"15% ID Rebate for Gold, Silver & Jewelry",
251,5% ID on Cotton Readymade of Chapter 6211,
252,50% ID rebate on Cable car equipment,
253,15% ID on Roofing Sheets (Tiles),
254,15% ID on UPVC Profile for Window & Door,
255,10% ID on Filler Master Batch,
256,50% ID Rebate on Electric Vehicles,
257,10% ID on Refrigerated Vehicles,
258,50% & 68% for Pina...Sugarcane etc,
259,50% ID & ARF 100% Rebate on Bhatamas ko Geda,
260,25% ID Rebate on Packaging Materials of Industry,
261,75% ID Rebate on Raw-Mat for Glycerin & Soap Industry,
262,2.5% ID on Raw Oil of Oil Industries,
263,20% ID on Unassembled TV & TV Parts,
264,25% ID Rebate on Hybrid Vehicle Import,
265,10% ID on Oxygenated Vehicle for Fish Farm,
266,5% ID on Bus co. >=5 buses or Chassis having 40 seats,
267,1% ID on Co-operative Press,
268,10% ID on Prefabricated House Industries,
269,50% ID & ARF on Pulses Seed for Pulses Industries,
301,"0% ID on Banknote, coin, Gold, silver, Cheque Book etc by NRB",
302,"0% ID for BPKIHS & Cancer, Gangalal & Manmohan Hospital",
303,0% ID on Cancer GLIVEC HGC Medicine etc,
304,0% ID on Jute Machinery For Jute Industries,
305,1% ID for Sab-Bahan & Ambulance import by Govn. & Ngovn. Agencies,
306,1% ID on Machinery & Parts for Renovation (Rugna Udhyog),
307,1% ID on Raw Mat. & Packing Materials for Feed & Hatchery Industries,
308,1% ID on Hybrid Cattle Semen,
309,1% ID on Standard Printed Materials by Tourism Industry,
310,1% ID For Alternative Energy - Wind Mill Equipment,
311,"1% ID Rebate for Solar Panel, Module, Charge Controller",
312,1% ID Rebate for Safa Tempo's Battery Parts & Photovoltaic Battery,
313,1% ID on Solar LED D.C. Bulb & Rechargeable Lalten,
314,1% ID on Solar Pump,
315,1% ID on Solar Heat Energy Equipment,
316,1% ID on above 80% Capacity Solar Inverter,
317,1% ID on Bio-Gas Equipment,
318,1% ID on Bio-Gas Battery Parts,
319,1% ID on Bio-Energy Products (Rice Husk Stove),
320,"1% ID on Organic Fuel Plant, Machinery and Chemicals",
321,1% ID on Dialysis Bath Concentrate for Kidney,
322,1% ID on Machine & Equipment for Cold Store,
323,1% ID on Pesticides & Insecticides of Heading 3808,
324,1% ID on Specified goods for Hospital & Health center,
325,1% ID on Hospital for Intraocular Lens,
326,"1% ID on Fire Fighter, Machine & Treatment Plant Etc",
327,"1% ID on Garbage Compactor, Container Etc.",
328,1% ID on Number Plate of Diplomatic or Project's Vehicle to convert NGOV,
329,1% ID on Medicine Raw Materials for Pharmaceuticals Ind.,
331,1% ID on Machinery & Raw-Mat for Electricity Production,
332,1% ID on Dialysis Bath Concentrate (3820),
333,1% ID For Deep Cycle Lead Acid Battery,
334,1% ID for Tomato Ketchup & Sauces Ind.,
335,50% ID Rebate on Chemical for Ink Industries,
336,5% ID on Various Commodities for Printing Industries,
337,50% ID Rebate on Micro Bus for Travel & Trekking Industries,
338,ID Rs. 5000 on Celluloid Film Abroad for Film Industries (Re-Import),
339,5% ID on Rafting Agency,
340,ID Charge >8 years Transfer Vehicle for Trekking Agencies,
341,5% ID on Listed Goods for Hotel & Resorts,
342,50% ID Rebate on Vehicle for Hospitals,
343,2.5% ID for Machinery & Equipment for Cine Industries,
344,10% ID on Consumable Goods for Mountaineering Team by Trekking,
345,7% ID on Telecom Equipments for Gramin Telecom Provider,
346,50% ID Rebate on Newsprint Paper by Printing Industries,
347,ID Rebate on Syringe Raw Materials,
348,10% ID for C.T.P.,
349,50% ID on vehicle for PASU firm,
350,50% ID on vehicle for tea industry,
360,5% ID on Air Handling Unit for Medical Industries,
362,0% ID or 0% ARF on Ostrich of Maaujati Chicks for Poultry firm,
364,0% ID or 0% ARF on Seed & Plant for Floriculture Ind.,
365,0% ID or 0% ARF on Hatchery Industries,
366,Temporary Import of Combined Thresher,
367,0% ID or 0% ARF on Neemkhali & Andikhali,
368,Import for Export,
369,0% ID or 0% ARF on Sajiban (Jatropha),
370,0% ID or 0% ARF on Hybrid Living Animal,
371,0% ID on Scooter of Disabled Person,
372,Duty Charge for Personal Effect (Dutiable),
373,"50% ID Rebate for Container, Truck, Trailer",
376,Export of Salla Chips,
